X;Y;Z;Q1;Q2;Q3;Q4;Q5;Q6
1200;0;0;0.0950049849872886;18.3901320187574;-10.654713393442;0.00826148684786976;5.97760540468687;0
1200;0;10;-0.111820000575955;18.5778366523785;-12.3022547422837;0.0641636312047005;15.5559837468064;0
1190;0;10;-0.117037465127352;18.035068984502;-14.0778862607553;0.172541825647587;27.8406950862429;0
1200;0;20;0.0752826102327352;16.3290780298808;-19.2102025963417;0.302919232802831;42.2839336552093;0
1190;0;20;-0.149258513319654;14.10747882339;-23.2566627502866;0.485058531601683;59.4494747807424;0
1180;0;20;-0.174594807540347;11.0174108745618;-28.0524399323519;0.699434987341165;78.2003559647161;0
1200;0;30;-0.19879231930791;6.12277276536849;-37.6304001050559;0.939608892762577;96.6205704351307;0
1190;0;30;-0.211701069222833;2.40459608337283;-42.0416284677218;1.18806987754242;115.741856775994;0
1180;0;30;-0.0118750567612742;-0.222819683638671;-43.9643069615226;1.43334500812206;132.237421572435;0
1170;0;30;-0.201005704845032;-1.24050805419915;-43.067648203322;1.65137747800772;144.194327067961;0
1200;0;40;-0.193333904453039;-5.21013889780274;-51.921226043927;1.99017270282987;152.794288593215;0
1190;0;40;-0.18565421444871;-4.2828395097185;-48.3459878575446;2.18821074305943;157.907841211781;0
1180;0;40;0.0138734165935079;-3.1083656050668;-44.9023677451634;2.31402118025231;160.053713155977;0
1170;0;40;-0.183458867676332;-1.95061863568598;-41.789843258716;2.40700109409039;160.861803290411;0
1160;0;40;-0.185248454662584;-0.858954731094757;-38.9519946300576;2.47785623412381;161.060905397624;0
1200;0;50;0.0154291898716222;-5.01600878314674;-50.2649833637551;2.67761481819303;162.886873949242;0
1190;0;50;-0.185484770580354;-3.54317650571695;-46.6934100516939;2.77202171062377;162.843056071935;0
1180;0;50;0.00813668719562802;-2.22357824444132;-43.5011938249804;2.84011720504394;162.559491322478;0
1170;0;50;-0.193233470702004;-1.02523529544457;-40.5889505363329;2.89018237823864;162.147634913483;0
1160;0;50;-0.19690062962969;0.0758048403185372;-37.8882739431576;2.92867219859843;161.698226803415;0
1150;0;50;-0.20028188345824;1.09560446894128;-35.3565966725888;2.95594988223533;161.239342637732;0
1200;0;60;-0.194396026068449;-3.9417199536668;-48.9817507983888;3.14464374057425;163.06783768735;0
1190;0;60;0.00017880708024709;-2.50998414542081;-45.5537795830489;3.20290240683887;162.828744218252;0
1180;0;60;-0.00385878625544442;-1.22376909969236;-42.4612047639778;3.23963895543571;162.453939480558;0
1170;0;60;-0.205458791610185;-0.0515082909191684;-39.6197822525106;3.26509368417892;162.013683963922;0
1160;0;60;-0.208848960547361;1.02942625082603;-36.9740725718488;3.28114493997874;161.550157810458;0
1150;0;60;-0.0166813706938239;2.03418727870251;-34.4862770804866;3.28169949193753;161.085698704022;0
1140;0;60;-0.0205010640353109;2.97250272027187;-32.1296366266623;3.27280612848996;160.630092703632;0
1200;0;70;-0.20527579180773;-2.87645533270835;-47.843560240839;3.45231301680517;162.733563794583;0
1190;0;70;-0.208354472866807;-1.49367312590024;-44.5131685537787;3.49448594774268;162.559223585842;0
1180;0;70;-0.0130485505222635;-0.240444117504507;-41.4939282000536;3.51348629967787;162.218228764378;0
1170;0;70;-0.0168282030505565;0.907315852263285;-38.7086086560313;3.51505380861399;161.807533442919;0
1160;0;70;-0.217338912663369;1.96836736458027;-36.1083116239212;3.51251956363869;161.362978915284;0
1150;0;70;-0.220160027713877;2.95786334145294;-33.6587589011438;3.50522367335556;160.905757751309;0
1140;0;70;-0.222646319511756;3.88428851114901;-31.3323910804619;3.49162058446131;160.467556375024;0
1130;0;70;-0.225046810704933;4.75764334166846;-29.1170062554015;3.47229927962364;160.007953643274;0
1200;0;80;-0.0137724758081657;-1.84019063217819;-46.7794713678456;3.65524802118397;162.385950597989;0
1190;0;80;-0.215520949016728;-0.501390204607208;-43.5310729376122;3.67929850336046;162.297611760174;0
1180;0;80;-0.0192769065656276;0.721734863389724;-40.5754228760481;3.68484838343122;161.999814620639;0
1170;0;80;-0.0227446716379587;1.84753291555114;-37.8415201060171;3.67347142724386;161.609048834221;0
1160;0;80;-0.0262761093848639;2.89254642290549;-35.2826129352578;3.6530932128289;161.180458318936;0
1150;0;80;-0.225422964004318;3.86791932960257;-32.8664975059797;3.63253026041032;160.740984437498;0
1140;0;80;-0.227758119631424;4.7848434399208;-30.57089213325;3.61010887072342;160.297382012321;0
1130;0;80;-0.229911462900587;5.6494762559037;-28.3776165813415;3.58461979288723;159.86220874085;0
1120;0;80;-0.231939408133353;6.46862322922127;-26.2761668389208;3.55464347134347;159.417218364385;0
1200;0;90;-0.0180683689301891;-0.832770948616316;-45.7789913851164;3.74563058507575;162.055671788292;0
1190;0;90;-0.0196129923636192;0.469405382603947;-42.6040855552364;3.75430126771351;162.035713426853;0
1180;0;90;-0.221677178611492;1.66438284217898;-39.7052801936123;3.7530716527668;161.777838950049;0
1170;0;90;-0.0258091027607319;2.77104136597208;-37.0161907986647;3.73852861337986;161.417173166161;0
1160;0;90;-0.226275661987535;3.80018092826289;-34.4943697398868;3.71834831941393;161.006988526953;0
1150;0;90;-0.032774845508532;4.76589598623789;-32.1101413709372;3.68998594006585;160.574273480622;0
1140;0;90;-0.0359691670762586;5.67387580679177;-29.8409621303263;3.65253419734878;160.139654059515;0
1130;0;90;-0.039021198597143;6.53205927460298;-27.6716485851948;3.61012980434645;159.701710884306;0
1120;0;90;-0.233548857104045;7.34513264671452;-25.5897852772097;3.57171295605037;159.261445400961;0
1110;0;90;-0.2352141063519;8.11843010753362;-23.5829799461533;3.53582485366922;158.837169800502;0
1200;0;100;-0.220631525861074;0.150612102346123;-44.8418148267886;3.74109110196881;161.69789625499;0
1190;0;100;-0.221398398237852;1.41911901557615;-41.7307246450753;3.75316320260899;161.753623012309;0
1180;0;100;-0.0235436602488025;2.59135541452354;-38.8808787196591;3.74562235696305;161.549024337568;0
1170;0;100;-0.225041324748993;3.67849714998734;-36.2316647156656;3.73174984975617;161.221820605447;0
1160;0;100;-0.0298148189048875;4.69509849867939;-33.741248382305;3.70634587872046;160.846910731211;0
1150;0;100;-0.0329487659499038;5.64950854156252;-31.3847264484798;3.67166401396008;160.431801927145;0
1140;0;100;-0.0360407539010143;6.55006021277961;-29.1409965013372;3.63155211595699;159.996884064267;0
1130;0;100;-0.232205612700745;7.40169482636512;-26.993143976613;3.59476307712733;159.560228744343;0
1120;0;100;-0.0423651705504031;8.2117927302205;-24.9286809903942;3.55542455020317;159.129631438277;0
1110;0;100;-0.0451218766091713;8.98227964246719;-22.9387820694002;3.50749786000051;158.701108832215;0
1100;0;100;-0.236378268717713;9.71709800841171;-21.0168271261895;3.46434632659744;158.265682222917;0
1200;0;110;-0.019384689636455;1.11234590576634;-43.9579255743746;3.66761118310834;161.354025912076;0
1190;0;110;-0.220788819721764;2.3500984001476;-40.9034758219069;3.67462415412068;161.483187224345;0
1180;0;110;-0.0222839924880441;3.50075088600615;-38.0978743838641;3.66627431507636;161.32720094134;0
1170;0;110;-0.0250042061324395;4.5725755716792;-35.4844029711307;3.64728031445061;161.035131401577;0
1160;0;110;-0.027965784903637;5.57715846401036;-33.0266347773386;3.61885573633872;160.663936726058;0
1150;0;110;-0.22721090252142;6.52177145172882;-30.6960017988406;3.59311370226303;160.261293407119;0
1140;0;110;-0.0343742104113521;7.41562406227736;-28.4725283301114;3.55999659415422;159.849338875243;0
1130;0;110;-0.230576655795925;8.26181352462949;-26.342779669073;3.52552135469026;159.42682783623;0
1120;0;110;-0.232364506017072;9.0681716151013;-24.2972426300845;3.49200932999616;158.984259318346;0
1110;0;110;-0.0437076597745233;9.83721053984329;-22.3226754608751;3.44858035171367;158.553885578409;0
1100;0;110;-0.0462737568524107;10.5708396968148;-20.4122687248249;3.39907065345531;158.130947856688;0
1090;0;110;-0.0487233431177101;11.2731910640438;-18.5612527615923;3.34713476000724;157.704857005835;0
1200;0;120;-0.219455022192887;2.05201917663306;-43.1249850202974;3.55812904519032;161.009327792703;0
1190;0;120;-0.0181081225143027;3.26391331798465;-40.1200753040368;3.56336263591197;161.217572282838;0
1180;0;120;-0.0199079956128729;4.39443051284961;-37.3540253912612;3.55402860058268;161.110801799245;0
1170;0;120;-0.221393716716941;5.45176359331487;-34.7746289418828;3.5406745861057;160.839691715749;0
1160;0;120;-0.0255531861818714;6.44624155276475;-32.3438986888371;3.51792932108869;160.493264964936;0
1150;0;120;-0.224795190797883;7.38306547029726;-30.0373616019358;3.49247484957799;160.100773322747;0
1140;0;120;-0.226643945916569;8.27070921832655;-27.8357250013579;3.46666089240806;159.687000672338;0
1130;0;120;-0.0349776255090761;9.11432947282244;-25.7242720112326;3.43040663959338;159.26708959755;0
1120;0;120;-0.0377088044295833;9.91681671650002;-23.6918219192697;3.38740213858251;158.846891795342;0
1110;0;120;-0.230682677074195;10.6823114926872;-21.7306750413612;3.34904964683377;158.420222895583;0
1100;0;120;-0.043349189389394;11.4159381424167;-19.832803895781;3.30583456895498;157.995344433143;0
1090;0;120;-0.232989910452939;12.1171361339421;-17.9918294657795;3.26593195788933;157.57392597055;0
1080;0;120;-0.234215538347209;12.7907760227846;-16.2034463174014;3.22770822137313;157.151141501278;0
1200;0;130;-0.0161796104023964;2.9740078631825;-42.3390739808941;3.45185460652079;160.665329165136;0
1190;0;130;-0.217466803145928;4.15996614837775;-39.3788349671512;3.46055325457595;160.948305610483;0
1180;0;130;-0.218242927581818;5.27292977140235;-36.6480309226794;3.46134353293591;160.892484469527;0
1170;0;130;-0.0206302651174185;6.31849588517867;-34.0970044808911;3.45066275932329;160.662407473624;0
1160;0;130;-0.0233408729571088;7.30308004353818;-31.6922667957832;3.42585565366354;160.330458628088;0
1150;0;130;-0.222608010119612;8.23283373231536;-29.4070411313578;3.4024855020489;159.953988526227;0
1140;0;130;-0.0293771754764117;9.1160405876074;-27.2240801304876;3.37188531745566;159.550600708385;0
1130;0;130;-0.225657676183902;9.95434130102184;-25.1282810518076;3.34146469632337;159.14147576101;0
1120;0;130;-0.227245482983797;10.7543035579508;-23.1096980079574;3.31279637345792;158.72847198314;0
1110;0;130;-0.0383848169126611;11.5205485848041;-21.1628896483272;3.27290605682658;158.292900353965;0
1100;0;130;-0.229778158796626;12.2515941204073;-19.2745753372267;3.2376291057526;157.880794355981;0
1090;0;130;-0.0439543055122592;12.9547550270793;-17.4440164809303;3.19678846752531;157.457383076755;0
1080;0;130;-0.0462369884783829;13.6290612433577;-15.663891162208;3.14732256562546;157.039604459055;0
1070;0;130;-0.0484286128660242;14.2775023187105;-13.9309421724632;3.09661825960434;156.620349983285;0
1200;0;140;-0.0134708567561425;3.87696558423544;-41.5966763297878;3.31589094733476;160.330059556961;0
1190;0;140;-0.214775704645624;5.04077447267911;-38.6765245983214;3.32732961333296;160.685956200247;0
1180;0;140;-0.0148024946909499;6.13903946333299;-35.9788392226481;3.32391836290896;160.670922576714;0
1170;0;140;-0.0169845445883731;7.17289392435396;-33.4558350011158;3.30847612413076;160.4639624575;0
1160;0;140;-0.0194881036299599;8.14800255345972;-31.0708163796378;3.2878540396372;160.176662450767;0
1150;0;140;-0.0222540147291745;9.07237453379661;-28.805443794982;3.26182941414461;159.814232839929;0
1140;0;140;-0.22016798499978;9.94987427871353;-26.6397282187964;3.23856136871803;159.419477636167;0
1130;0;140;-0.0282449841684754;10.7864472629492;-24.5585215953369;3.21029388217649;159.021024266266;0
1120;0;140;-0.223076555991423;11.5844677165862;-22.5547252327327;3.18214227643125;158.60106911294;0
1110;0;140;-0.224573150433903;12.3482612182866;-20.6171447372266;3.15503573416023;158.185818942867;0
1100;0;140;-0.0371548468311303;13.0813655116621;-18.7409848890873;3.11905007620493;157.763325882794;0
1090;0;140;-0.0397415792581072;13.7842092128603;-16.9189515190631;3.07948338978413;157.34567107703;0
1080;0;140;-0.0421630781019492;14.4607405483972;-15.1493335742596;3.0344459630927;156.91113548266;0
1070;0;140;-0.0444755427096916;15.1116054367739;-13.4249977306888;2.98844231980436;156.481885113695;0
1060;0;140;-0.0465764171634704;15.737444924416;-11.7402334329939;2.94111098593548;156.073882768156;0
1200;0;150;-0.0103307392254565;4.76447663168534;-40.8986134829437;3.1673786041007;159.972340241396;0
1190;0;150;-0.00977726717438868;5.907888833107;-38.0131932565988;3.17610878902876;160.414235031941;0
1180;0;150;-0.0109480983443235;6.9905951554624;-35.3426807098168;3.17408663849392;160.46154639449;0
1170;0;150;-0.0130361499090735;8.01422585309347;-32.8438837014837;3.16314425761072;160.287141648767;0
1160;0;150;-0.213639362174908;8.98213482798737;-30.4819558613529;3.1530474361168;160.004086221977;0
1150;0;150;-0.215277890163967;9.90109386882919;-28.2342189249038;3.14177376361275;159.659109132649;0
1140;0;150;-0.0217525165052457;10.7760123247505;-26.0836495680158;3.11936859803594;159.279909113782;0
1130;0;150;-0.218193363369938;11.6090479801251;-24.0166203716744;3.0976515250891;158.885356419954;0
1120;0;150;-0.0276737358256253;12.4071209765714;-22.0250400163729;3.06891092196908;158.471136238873;0
1110;0;150;-0.220870611094651;13.170156792355;-20.0989726978036;3.04101811418168;158.053820212292;0
1100;0;150;-0.0333862925026335;13.9040350843889;-18.2334414545595;3.00741543279197;157.625901269634;0
1090;0;150;-0.223212519513676;14.6073286450716;-16.4199078003989;2.97652339125827;157.209009947082;0
1080;0;150;-0.224436582636178;15.2845301295391;-14.655169101917;2.94741611217228;156.794436330257;0
1070;0;150;-0.225627577565964;15.9369663321618;-12.9359150619717;2.91763966524333;156.377090159433;0
1060;0;150;-0.0443983076553225;16.5673600804252;-11.2600645911765;2.87830548885546;155.947641360124;0
1050;0;150;-0.0464314156513819;17.1740807641591;-9.62070308348419;2.83158063607962;155.533697701907;0
1200;0;160;-0.00846905775347687;5.63643811272488;-40.2400137718073;3.06158495802767;159.612638900874;0
1190;0;160;-0.209707372142977;6.75972078736622;-37.3853960794897;3.07936997122213;160.143488003705;0
1180;0;160;-0.209771230518544;7.82861867414922;-34.7386192998286;3.0892916415355;160.257946115513;0
1170;0;160;-0.0111682784065556;8.84305812218342;-32.2599641939149;3.08523021829082;160.129969892465;0
1160;0;160;-0.211814887380807;9.80475628277548;-29.917683005834;3.07702341298655;159.863569338843;0
1150;0;160;-0.0166626301566801;10.7199535708461;-27.6870096841049;3.06186551203057;159.530232209124;0
1140;0;160;-0.214663543697236;11.5908295714111;-25.5514863623981;3.04429845651312;159.156583379591;0
1130;0;160;-0.216292354118222;12.4232119859572;-23.4985886808883;3.02785449222284;158.75953668061;0
1120;0;160;-0.217888160631802;13.2198888307644;-21.5182852947269;3.00888565618803;158.349754952849;0
1110;0;160;-0.0287854363596403;13.9843387920505;-19.6024047977111;2.97960390043429;157.935559752323;0
1100;0;160;-0.22030598810533;14.7170216617504;-17.7438092998172;2.9509518562646;157.523308360208;0
1090;0;160;-0.221590252940388;15.4220456355669;-15.9372150057262;2.9252008615703;157.115302616465;0
1080;0;160;-0.222862897867279;16.1012055673283;-14.1794155636475;2.89887253851971;156.702285009586;0
1070;0;160;-0.224002919473904;16.7563262284228;-12.4668990727047;2.86894019173766;156.281918853229;0
1060;0;160;-0.225135278657934;17.3885517438841;-10.7954634269018;2.83914361795889;155.860224416499;0
1050;0;160;-0.0453439881724728;17.9992211327298;-9.16086479282281;2.79922214300747;155.447718376501;0
1040;0;160;-0.0475807673542455;18.5889498010064;-7.56235294247024;2.75831290239818;155.029071439586;0
1200;0;170;-0.210944404159509;6.49085265800576;-39.6150089048146;3.00157402928576;159.28852280316;0
1190;0;170;-0.00693021779191649;7.59845618902978;-36.7900373404076;3.01616329910904;159.889003324195;0
1180;0;170;-0.208725461120948;8.65617648946195;-34.1695282163412;3.02212946910135;160.0312683016;0
1170;0;170;-0.209524310939033;9.6620294952765;-31.7113291096933;3.02466073749731;159.932415244323;0
1160;0;170;-0.012476150119945;10.6189194708603;-29.3856102731508;3.01442877554121;159.69479491669;0
1150;0;170;-0.0150375055631915;11.5290756845106;-27.16838047792;2.99706291150787;159.389154402728;0
1140;0;170;-0.0177000938414261;12.3981320320619;-25.0461546268781;2.97387434244869;159.026956092303;0
1130;0;170;-0.020379035655167;13.2290829995747;-23.0045815578214;2.94750109172952;158.641073927708;0
1120;0;170;-0.02306951449833;14.025192775805;-21.034031794247;2.91950558976109;158.24187000658;0
1110;0;170;-0.21642269508751;14.7888023483515;-19.1270076944976;2.89771140363684;157.833084613348;0
1100;0;170;-0.217936690549463;15.5240749715039;-17.2786171950075;2.87758159967866;157.408979974124;0
1090;0;170;-0.219318935198077;16.2315550941933;-15.4809927278003;2.85497739330976;156.990437501731;0
1080;0;170;-0.220656072970525;16.9132098972591;-13.7300381870589;2.83192128456057;156.575933389987;0
1070;0;170;-0.221936452683317;17.571594462458;-12.024317926027;2.80628805857642;156.148584911683;0
1060;0;170;-0.222968602065046;18.2067156527821;-10.3570842535511;2.77675168010478;155.73410464672;0
1050;0;170;-0.0432674822998521;18.8219399645789;-8.72914371776835;2.73964219851287;155.305933581546;0
1040;0;170;-0.045254068247893;19.4155382553427;-7.13421585370285;2.69536583320043;154.890463041043;0
1030;0;170;-0.224595365669677;19.9892233007225;-5.57175942692265;2.65855469554563;154.474156244537;0
1200;0;180;-0.00647864848915625;7.33673302480388;-39.0341102337122;2.9092741557196;158.888378678961;0
1190;0;180;-0.207406902660081;8.42456232901576;-36.231264718397;2.92854824697667;159.607473326868;0
1180;0;180;-0.207052394543703;9.47062017642532;-33.6282882533048;2.94160156719602;159.830019320738;0
1170;0;180;-0.207721137386083;10.4691806807367;-31.187987566717;2.94624894032087;159.765481059065;0
1160;0;180;-0.208864637696428;11.4205255040235;-28.8777427621323;2.94437572988684;159.551565736516;0
1150;0;180;-0.0134062616689743;12.3284324408628;-26.6753740746046;2.93366189131554;159.253950089103;0
1140;0;180;-0.211452083131834;13.195355483169;-24.5660095209209;2.91855930017708;158.897124152924;0
1130;0;180;-0.213033500760357;14.025698194305;-22.5355536483415;2.90649155779819;158.516196817546;0
1120;0;180;-0.0222093434996377;14.8228794399518;-20.5755590077904;2.88201589430094;158.11585610039;0
1110;0;180;-0.215521568313286;15.5868979668508;-18.6756762838962;2.86056319583732;157.721191226328;0
1100;0;180;-0.0278452926312426;16.3237960641086;-16.833605019359;2.833324035101;157.310078943699;0
1090;0;180;-0.0302385166170252;17.0331961086417;-15.0423092637237;2.79742741895733;156.897241825775;0
1080;0;180;-0.0325657708083077;17.7176705226762;-13.2979399911302;2.76007590877837;156.480499848307;0
1070;0;180;-0.034934995952903;18.3786155475752;-11.5963276052692;2.72430127072597;156.063643333378;0
1060;0;180;-0.219635010836477;19.0164442783688;-9.93333104054583;2.69371312312096;155.652940795701;0
1050;0;180;-0.220803101476397;19.6346462521765;-8.30882969348014;2.66883810247803;155.229643023839;0
1040;0;180;-0.0426056677512999;20.2335096728448;-6.71857456358833;2.63169602091736;154.807443193834;0
1030;0;180;-0.222040393892793;20.811883051443;-5.15951772978004;2.59769522552319;154.389805464713;0
1020;0;180;-0.0471538477023629;21.3734821312542;-3.63100592081703;2.56027797051573;153.969692274142;0
1200;0;190;-0.208309189726725;8.16534086688617;-38.4830978148914;2.8199965043987;158.531568785805;0
1190;0;190;-0.205947518987918;9.23885408005982;-35.7045806848105;2.84551087486387;159.325371697649;0
1180;0;190;-0.00416891992207544;10.2756958686625;-33.1211092257802;2.85367590376413;159.59783354211;0
1170;0;190;-0.00564925059773608;11.2671205481723;-30.6956178098157;2.84968784653506;159.580145195575;0
1160;0;190;-0.00773977373638474;12.2139031059124;-28.3988358208743;2.83975876167466;159.396041523477;0
1150;0;190;-0.207189541506013;13.1180569156607;-26.2087588385658;2.83282824751251;159.115821530547;0
1140;0;190;-0.0130948350783694;13.9836361172946;-24.1075231688591;2.81886112457798;158.793548980759;0
1130;0;190;-0.209745258294124;14.8131845197371;-22.0870714255774;2.80586907419001;158.41958541631;0
1120;0;190;-0.211216469110484;15.609960306665;-20.1347883838453;2.79261965829211;158.032268425289;0
1110;0;190;-0.212750775800446;16.3766832846694;-18.2450546058777;2.77847613563274;157.625206997214;0
1100;0;190;-0.024937431959267;17.1150741838263;-16.4090263955734;2.75236400463332;157.224152396171;0
1090;0;190;-0.027482594077482;17.8271677588987;-14.6245970809943;2.7219643792399;156.808656657035;0
1080;0;190;-0.0298291840666344;18.5142729376063;-12.8850310802425;2.6878230738825;156.39885763962;0
1070;0;190;-0.0321217679064111;19.1789472788184;-11.1892611565211;2.65162374259149;155.976410890083;0
1060;0;190;-0.217033873635912;19.8219770186155;-9.53394940330535;2.62446566750008;155.541784016158;0
1050;0;190;-0.218105146606758;20.444204924728;-7.91297126570184;2.5996215978584;155.121464477237;0
1040;0;190;-0.0398959396256859;21.0471329377708;-6.3251390460788;2.5654116338431;154.706700459432;0
1030;0;190;-0.219422537308406;21.6301717353343;-4.76859230543103;2.5347442199066;154.292472180245;0
1020;0;190;-0.0446658009858998;22.1969818331733;-3.24284638664073;2.50198698405655;153.870831055944;0
1010;0;190;-0.220783719713918;22.7456358773964;-1.74515077377171;2.47152208138274;153.445929119956;0
1200;0;200;-0.207066954229952;8.9819797226351;-37.9659911372677;2.73801781253023;158.166458973776;0
1190;0;200;-0.204495837112966;10.0408890494757;-35.2083451423669;2.76567304883265;159.047699176929;0
1180;0;200;-0.00237196318678246;11.0678535243729;-32.6400169122265;2.77536354876478;159.389706660637;0
1170;0;200;-0.203748075098568;12.0529774296923;-30.2289554708329;2.77997714611477;159.408166411051;0
1160;0;200;-0.204694787529318;12.9961152352639;-27.9448748947326;2.78268581009195;159.248846434548;0
1150;0;200;-0.00885176294424977;13.8992094245089;-25.7661729005116;2.77347395133214;158.986666770238;0
1140;0;200;-0.0114025357668458;14.7640711748826;-23.6768712711586;2.75735927957583;158.662845691156;0
1130;0;200;-0.01400846949842;15.5945234101088;-21.6661708637143;2.73649687176482;158.293146676072;0
1120;0;200;-0.209036115394039;16.3920900983464;-19.7229025349127;2.72058013514038;157.904763216678;0
1110;0;200;-0.0195836940472297;17.1599918983367;-17.8378653790908;2.69924133091371;157.521549189021;0
1100;0;200;-0.0221392421703328;17.9006336300975;-16.0097464131928;2.67177893680846;157.112459293809;0
1090;0;200;-0.0246935725594583;18.6154725044836;-14.2309994202504;2.64402605963084;156.699660092566;0
1080;0;200;-0.0271683203572804;19.3066943935897;-12.4987140850688;2.61341523687359;156.27544433629;0
1070;0;200;-0.0294322041870395;19.9741464434054;-10.8052990078934;2.5803083574477;155.870248253037;0
1060;0;200;-0.0317588809157297;20.6209463612607;-9.1520972446118;2.54775297406686;155.451542838319;0
1050;0;200;-0.21482581756054;21.2468940516421;-7.53434584943262;2.52039751403717;155.033706035588;0
1040;0;200;-0.0366696794308892;21.8544090237879;-5.94937982544928;2.49014548793896;154.621154786129;0
1030;0;200;-0.216431996752293;22.4441006033287;-4.39902031865108;2.46338319356064;154.181190128;0
1020;0;200;-0.0417585478056566;23.0171616475792;-2.87754625713399;2.43339038694974;153.745221781209;0
1010;0;200;-0.218003824435604;23.5722964732353;-1.38342524620585;2.40572584533955;153.308428836948;0
1000;0;200;-0.0465440448473006;24.1110408633055;0.0872300696100991;2.37398352771033;152.891694525155;0
1200;0;210;-0.00123406778850663;9.78948527806447;-37.4852517165844;2.63012641740425;157.755981962744;0
1190;0;210;-0.202043542913684;10.8324625791909;-34.7447221080419;2.65699361135355;158.748699404612;0
1180;0;210;-0.201222459633684;11.8502651721242;-32.1912169689171;2.67757621593442;159.150896124037;0
1170;0;210;-0.00136718864533625;12.8303812970291;-29.7914496253695;2.68266836436863;159.221823679602;0
1160;0;210;-0.0032719054611802;13.7699201076558;-27.5175986074571;2.67730599727225;159.098304895494;0
1150;0;210;-0.202734468612348;14.6706896728091;-25.349653792536;2.67398899257744;158.849187094743;0
1140;0;210;-0.204109503681667;15.5353501792221;-23.2700046819573;2.67106799403193;158.534150536458;0
1130;0;210;-0.205524580626123;16.3655270773587;-21.2652697866769;2.66536720099266;158.189721324824;0
1120;0;210;-0.0144753459730577;17.1648736852757;-19.3280467157453;2.6488632985802;157.818847568968;0
1110;0;210;-0.0170838073565911;17.9345641713699;-17.4505393294799;2.62726292945182;157.433103566555;0
1100;0;210;-0.208840272086617;18.6771167343414;-15.6279530390802;2.60912072690172;157.029328168353;0
1090;0;210;-0.210172120579326;19.3951215722157;-13.854780910454;2.59321959433181;156.616462019262;0
1080;0;210;-0.211496426324064;20.0893477957391;-12.1259603265678;2.57694938273902;156.202736658641;0
1070;0;210;-0.0285628481985196;20.7616095649941;-10.4377376382363;2.55341905248881;155.791801283081;0
1060;0;210;-0.0307952264844377;21.4128855389137;-8.78877544702165;2.51923797464518;155.370230038641;0
1050;0;210;-0.21390027567449;22.0433390291553;-7.17400313439249;2.4931190802723;154.955207680208;0
1040;0;210;-0.0358678240990817;22.6573614015591;-5.59547535274283;2.46439193132585;154.516590017434;0
1030;0;210;-0.0382823400932858;23.2529018761957;-4.04771989630726;2.43376381846421;154.077025078281;0
1020;0;210;-0.216275712419489;23.8289565007815;-2.5250148413615;2.40878356317311;153.664838112214;0
1010;0;210;-0.0434609136292147;24.3917107066942;-1.03430389390148;2.38228172948942;153.217960077841;0
1000;0;210;-0.0454667772735092;24.9373339430751;0.43219512149251;2.34520282503661;152.78091518759;0
990;0;210;-0.218031386389902;25.4657703033275;1.87705936968891;2.31565812676997;152.36188018644;0
1200;0;220;-0.00111897985936513;10.5832089455065;-37.032963301932;2.58564874763697;157.365131507488;0
1190;0;220;-0.201700712806007;11.6114940000149;-34.3074395833053;2.61329220506369;158.471608847718;0
1180;0;220;-0.20062577132345;12.6211933259763;-31.7666294106007;2.63359566198371;158.938593533246;0
1170;0;220;-0.200735275474177;13.5961890326771;-29.3782254987126;2.64680295343532;159.049131292067;0
1160;0;220;-0.201471908412454;14.5334439618187;-27.1153012780072;2.65253960246098;158.946767670348;0
1150;0;220;-0.00531656229443839;15.4331022097288;-24.9541355081342;2.64688560121588;158.735665471552;0
1140;0;220;-0.00770452080954082;16.2971262568949;-22.8810952917494;2.63322215513281;158.446747163964;0
1130;0;220;-0.204367439275113;17.1287383220643;-20.8865059223746;2.62319902987544;158.091669079214;0
1120;0;220;-0.0132649663938511;17.9294034747981;-18.9551908920605;2.60895745363144;157.733645929558;0
1110;0;220;-0.206697447033063;18.7013326733037;-17.0848236721812;2.59363091781059;157.343988681873;0
1100;0;220;-0.208036039957565;19.447024593198;-15.2672044072885;2.58058543169901;156.94760795692;0
1090;0;220;-0.209332051150926;20.1680444282893;-13.4981679261078;2.56543318083783;156.542653176167;0
1080;0;220;-0.210586048846331;20.8663324529723;-11.7745105321473;2.54787940707363;156.124794857171;0
1070;0;220;-0.0277263267280741;21.5435844062537;-10.0922464279985;2.52607099221641;155.699686620991;0
1060;0;220;-0.0299136124689085;22.1991480138378;-8.44617338905257;2.49211975433651;155.283001947981;0
1050;0;220;-0.213124240558439;22.8345274367207;-6.83453893571135;2.4683973412976;154.867644525781;0
1040;0;220;-0.21452160050913;23.4534290394866;-5.25903316341248;2.45209433711475;154.425440057918;0
1030;0;220;-0.0380254716786682;24.0538864212593;-3.71128469580196;2.42273185242233;154.004066778705;0
1020;0;220;-0.215942736244558;24.6364673875314;-2.1921996291157;2.39508493344649;153.579870900666;0
1010;0;220;-0.0427915260067322;25.2040305713838;-0.700655695583897;2.3644558160608;153.152181768003;0
1000;0;220;-0.0449080536146491;25.7563410421313;0.763660686616152;2.3294976717472;152.709257211949;0
990;0;220;-0.217527844859928;26.2917098801289;2.20670992444928;2.30062438444368;152.285052600232;0
980;0;220;-0.0493221481801606;26.8141950514992;3.62533916215446;2.26679455826807;151.849454506671;0
1200;0;230;-0.000659334756708957;11.3649094307738;-36.6101306725941;2.53381363098078;156.978380368053;0
1190;0;230;0.00188099594874439;12.381133199756;-33.9010331926378;2.55464290738704;158.17325980872;0
1180;0;230;0.00223074635496548;13.3831684726277;-31.3716712088123;2.56432940796199;158.706961668411;0
1170;0;230;0.0012779874281551;14.3533654649975;-28.9920261336021;2.56773272558698;158.870538252215;0
1160;0;230;-0.000551003785877469;15.2878383968365;-26.7364765846179;2.56865844870558;158.809507520195;0
1150;0;230;-0.00270291611360296;16.1867277365093;-24.5844636236553;2.56147348808034;158.610463104137;0
1140;0;230;-0.00511861471649094;17.0506521930161;-22.5175056983016;2.55299511833954;158.34545586517;0
1130;0;230;-0.00767085026987124;17.8835598615148;-20.5285569318647;2.53938028618372;158.009216367661;0
1120;0;230;-0.0103026154041153;18.6867284075274;-18.605982251916;2.52349264629656;157.638463087776;0
1110;0;230;-0.203762717824667;19.4608341270281;-16.7399879201908;2.51150749468642;157.262258213723;0
1100;0;230;-0.205232850685034;20.2107173306661;-14.9300809653817;2.50207772564829;156.849266486964;0
1090;0;230;-0.206706120862607;20.9360351747951;-13.1672366553865;2.49212283123062;156.433999362642;0
1080;0;230;-0.207947095610868;21.6375565494773;-11.4456199176674;2.47775753089533;156.032267900106;0
1070;0;230;-0.209209364862313;22.3183126216165;-9.76589311642407;2.46223562884779;155.615043781266;0
1060;0;230;-0.0276797358157697;22.9787838744694;-8.12226604176375;2.43640834199909;155.204975628734;0
1050;0;230;-0.211030238087659;23.6204683476635;-6.51618370711923;2.41478852665038;154.769572789181;0
1040;0;230;-0.212197860543374;24.2434241125487;-4.94011970679676;2.39708571355137;154.350112233955;0
1030;0;230;-0.0356267068371323;24.8496956857274;-3.39486032593689;2.36784323989821;153.926239231557;0
1020;0;230;-0.213551086932;25.4384272472;-1.87794133662249;2.34111242150875;153.499523080486;0
1010;0;230;-0.0403787130265237;26.0123784799485;-0.388285662391477;2.3116306442772;153.069235504303;0
1000;0;230;-0.215264216615371;26.5712112789266;1.07392427313149;2.29129222525699;152.618545056733;0
990;0;230;-0.216321388699163;27.114211517855;2.51528823879574;2.27138267363578;152.189885228607;0
980;0;230;-0.0480997696854825;27.6436712289989;3.93326136462899;2.23842675564371;151.755214689253;0
970;0;230;-0.217225414428738;28.1584202853761;5.32954845494755;2.20924147661527;151.315041886676;0
1200;0;240;-0.000588160809803118;12.1370305093308;-36.2184499065618;2.49112412029116;156.565360362837;0
1190;0;240;0.0022661810059908;13.1393486454363;-33.5218872571133;2.51283264592453;157.877639565185;0
1180;0;240;-0.198914891088201;14.1332623331112;-31.0012294281644;2.53139002213327;158.489621328819;0
1170;0;240;-0.198685295116004;15.0997543400465;-28.6303051567365;2.54606028299065;158.696512316354;0
1160;0;240;-0.000402909860865552;16.0328703699714;-26.3824915466489;2.54907095565123;158.666989554086;0
1150;0;240;-0.199755156943191;16.9308664168423;-24.2371771645505;2.54881665997606;158.491960725375;0
1140;0;240;-0.200912253529308;17.7961302788353;-22.1783437639457;2.54889268614424;158.23021982501;0
1130;0;240;-0.00808960367813255;18.6306153532386;-20.1942614728254;2.54055725961516;157.913736003255;0
1120;0;240;-0.203150293137144;19.4353779594238;-18.2764779943992;2.52934086948177;157.555047910362;0
1110;0;240;-0.20458536628022;20.2140806065005;-16.4188128115335;2.52109499671608;157.16025417874;0
1100;0;240;-0.0169161686035788;20.9668820504639;-14.6111394158741;2.5107036008516;156.76872663908;0
1090;0;240;-0.207218616856153;21.6947487950024;-12.8502929103183;2.49783625978044;156.370928313057;0
1080;0;240;-0.208492949929668;22.4005983804912;-11.132610312761;2.48412059221859;155.969064116946;0
1070;0;240;-0.209675809929777;23.0861367616927;-9.45662839173026;2.46649660419839;155.549718301879;0
1060;0;240;-0.0281394711616898;23.7516227718863;-7.81612359416027;2.44092858381278;155.138946260349;0
1050;0;240;-0.0304359185062991;24.398254691837;-6.21091700316684;2.41085128969795;154.717770436521;0
1040;0;240;-0.211882627938;25.0268314729809;-4.63829305641083;2.38532551203025;154.289250892724;0
1030;0;240;-0.0352613417071103;25.6392566560567;-3.0956843838128;2.35540956146749;153.860402850222;0
1020;0;240;-0.213177966370795;26.234394465107;-1.58097279961968;2.32816173302043;153.429737734895;0
1010;0;240;-0.0399257432447841;26.8148432343936;-0.092935161714828;2.29775423775952;152.997952333389;0
1000;0;240;-0.214460247303143;27.3794721579764;1.36990634529387;2.27189618891976;152.560920650568;0
990;0;240;-0.215538029190241;27.9302423219336;2.80868658096512;2.25193438179038;152.119721753353;0
980;0;240;-0.0473114106122008;28.4672079540596;4.22534424592429;2.21937859609069;151.680385673616;0
970;0;240;-0.21644796652255;28.9897013835625;5.62066513173308;2.19035255344686;151.236517175438;0
960;0;240;-0.217635867818168;29.5005732556936;6.99359331308187;2.17154439573902;150.774915361119;0
1200;0;250;-0.00100272735347814;12.8991307261849;-35.8559268436961;2.4609328247917;156.13770713931;0
1190;0;250;-0.200976513790722;13.8881123419152;-33.1723320014722;2.48901576829792;157.556686752786;0
1180;0;250;0.00262570746932603;14.8755056823015;-30.6597952881804;2.50385010325195;158.24756172837;0
1170;0;250;0.00204634244789831;15.8381277497728;-28.2955314303876;2.50705908328696;158.508814950799;0
1160;0;250;-0.198318742895169;16.7690262582031;-26.054404448611;2.51272115120918;158.511120299981;0
1150;0;250;-0.199183132245326;17.6674285278781;-23.9152456486139;2.51807533876919;158.359814154635;0
1140;0;250;-0.200306341864549;18.5343617562551;-21.8637787442649;2.51832833042145;158.102419049504;0
1130;0;250;-0.0073206512657418;19.3707669921239;-19.8851766172661;2.5085285920743;157.79660262612;0
1120;0;250;-0.202520827513701;20.1777598871137;-17.9713497109571;2.50234009218748;157.453040466637;0
1110;0;250;-0.0128650213759353;20.959106306494;-16.1158876700959;2.4874174657786;157.081909312907;0
1100;0;250;-0.0152789358987572;21.7151978819067;-14.3126362906995;2.46399313760717;156.691851788405;0
1090;0;250;-0.0176839863066001;22.447967827804;-12.5565784198527;2.43925091500088;156.290083983338;0
1080;0;250;-0.20624417999858;23.1589468419185;-10.8448559279533;2.42304309467646;155.870154894093;0
1070;0;250;-0.207410079127387;23.8487631602343;-9.17049308064843;2.40766679383941;155.46214481297;0
1060;0;250;-0.025967655081034;24.5204652757386;-7.53509660591491;2.3845534220799;155.03395683297;0
1050;0;250;-0.0281507898395461;25.1722966496231;-5.93153260976431;2.35403401808943;154.618503235202;0
1040;0;250;-0.209597458801572;25.806224088481;-4.35989591439602;2.33027128524867;154.198113977952;0
1030;0;250;-0.0329623532527389;26.4243579354609;-2.81830147998121;2.30234233947083;153.77504532655;0
1020;0;250;-0.21091287856776;27.0256437316329;-1.30462606197941;2.27705965056708;153.347956717122;0
1010;0;250;-0.0376567859878112;27.6125928143645;0.182329693015802;2.24831792624573;152.917567973409;0
1000;0;250;-0.212199843198066;28.1836380602477;1.64510002493704;2.22410710064995;152.48775917332;0
990;0;250;-0.213370214765391;28.7423456787135;3.08148245508927;2.2061733764125;152.034562012749;0
980;0;250;-0.04517127301384;29.2865632934206;4.49777459269894;2.17567370884237;151.597016005635;0
970;0;250;-0.214357943770057;29.8167114444313;5.89273188183407;2.14839716058741;151.153441317332;0
960;0;250;-0.215643296420901;30.3355511259068;7.26535521090554;2.13225931486347;150.691140899874;0
950;0;250;-0.0525761908267659;30.8412387345092;8.62040621706855;2.10066690088168;150.240215284227;0
1200;0;260;-0.204140590599377;13.650251943621;-35.5211192736409;2.39261724156964;155.706365280349;0
1190;0;260;0.00331074687446173;14.6263947019387;-32.8480213985389;2.42116060415957;157.249670915548;0
1180;0;260;-0.197592202306066;15.6061606099607;-30.3423050190427;2.44211249396077;158.019284740006;0
1170;0;260;-0.196989410529545;16.5646716863189;-27.981829755281;2.45916462321549;158.348836627688;0
1160;0;260;0.00168755853562877;17.4950545422126;-25.7456268700288;2.46252358131652;158.391529619508;0
1150;0;260;-0.000212232232118303;18.3941174668212;-23.6125455189497;2.45711604557298;158.258467687812;0
1140;0;260;-0.00245010394023476;19.2621364949091;-21.5653470620102;2.44899514901517;158.023768257584;0
1130;0;260;-0.199063531626667;20.1000964225118;-19.5918346858313;2.44388296437493;157.725567214422;0
1120;0;260;-0.200438984521716;20.9110240871804;-17.6841720742412;2.44170704259539;157.377762066642;0
1110;0;260;-0.0106943416563048;21.6958766132252;-15.8331086625341;2.42712708655188;157.009979139415;0
1100;0;260;-0.0131024051048592;22.455622711541;-14.0330148735492;2.40586186472457;156.628040276558;0
1090;0;260;-0.0154940084918906;23.1927032070609;-12.2803782117557;2.38250916923418;156.228713907587;0
1080;0;260;-0.0179613238124781;23.9083004611789;-10.5706206252495;2.36007684281876;155.819702056545;0
1070;0;260;-0.204694872353714;24.6026885661962;-8.8989070828099;2.34265378876561;155.412902369195;0
1060;0;260;-0.206260126401468;25.2800499844359;-7.26757990107112;2.33461195047644;154.972078802673;0
1050;0;260;-0.0263324718169772;25.9381277733776;-5.66657967536584;2.31049509381049;154.554658535606;0
1040;0;260;-0.207815433055086;26.5780434962358;-4.09687117249574;2.28819848212347;154.134125624601;0
1030;0;260;-0.0311878059061288;27.2024105850912;-2.55696210136412;2.26182049224007;153.710713068317;0
1020;0;260;-0.20918162225988;27.8102705540406;-1.04479118120056;2.23801944411236;153.282712728411;0
1010;0;260;-0.0359294053481537;28.4040612679809;0.44080269605959;2.21053784288893;152.850762854886;0
1000;0;260;-0.210517432942289;28.9826913710036;1.90155227035938;2.18723426775323;152.412745498848;0
990;0;260;-0.211766481054254;29.5487662277324;3.33707319863485;2.17160223363939;151.958475849827;0
980;0;260;-0.0435811917596997;30.1004203269053;4.75300602151934;2.14257055920847;151.522251544297;0
970;0;260;-0.212804784842573;30.6384430181163;6.14752109322431;2.11649425482162;151.077949802363;0
960;0;260;-0.214166751960727;31.1654155470391;7.51985800026816;2.10240341806546;150.614767886892;0
950;0;260;-0.051113184602668;31.6794990058528;8.87474432555038;2.07194148174451;150.162664777577;0
940;0;260;-0.215171074931901;32.1806380767062;10.2116806681333;2.04700322716005;149.706762459417;0
1200;0;270;0.000372963381950059;14.3927108306118;-35.2138827427619;2.34667195651136;155.260373215924;0
1190;0;270;-0.199303435054484;15.3542060173869;-32.550365683041;2.37958892433121;156.933414698643;0
1180;0;270;0.00481863284822359;16.3271333820623;-30.0486832572478;2.39828370591513;157.801805037488;0
1170;0;270;-0.196003421921918;17.2832379215328;-27.6948887118232;2.41249400717502;158.169373456499;0
1160;0;270;0.00279531783595766;18.2130454035557;-25.4637906646723;2.41730892025056;158.244717081069;0
1150;0;270;0.000966255868941973;19.112669551871;-23.3349419841494;2.41338423521833;158.138782754349;0
1140;0;270;-0.00113665736598459;19.9818325055051;-21.2906828964295;2.40536970539002;157.932135116995;0
1130;0;270;-0.197761389219481;20.8219997180042;-19.3205546105923;2.40245366631167;157.651689950273;0
1120;0;270;-0.00636412903581315;21.6363719080019;-17.4167458944808;2.39245769541179;157.313724590219;0
1110;0;270;-0.00879903680247104;22.4242708378394;-15.5688032444859;2.37559273890955;156.95505804838;0
1100;0;270;-0.0113485228638273;23.1883689118019;-13.7726665693263;2.35893238263818;156.572576927681;0
1090;0;270;-0.0137594877519871;23.9298846437874;-12.0228984565438;2.33759829760599;156.177383883982;0
1080;0;270;-0.016171527749724;24.6506231571592;-10.3165611835751;2.31478173865884;155.765468391616;0
1070;0;270;-0.202994556683412;25.3503009339869;-8.64745818021082;2.30006150634736;155.358899392103;0
1060;0;270;-0.204363747630141;26.0321273282681;-7.0159108475688;2.29049482009535;154.937014475778;0
1050;0;270;-0.0244536132142696;26.6964464230414;-5.41790276295945;2.26765713454241;154.512398386173;0
1040;0;270;-0.206000477308526;27.342769973633;-3.85055191180473;2.247028564831;154.087278226318;0
1030;0;270;-0.0294015361564314;27.9737343029073;-2.31264404051342;2.22230253526271;153.660066422559;0
1020;0;270;-0.207452327560345;28.5884741379234;-0.802183539096772;2.20004957657478;153.228657626458;0
1010;0;270;-0.0342178268252103;29.1893604897177;0.681941442444174;2.17391979604816;152.793509307488;0
1000;0;270;-0.208825307542587;29.775259742675;2.14168357780528;2.15154653996246;152.35421806614;0
990;0;270;-0.210178883182642;30.3488991787596;3.57629253090303;2.13858184234778;151.897916701034;0
980;0;270;-0.042018045162862;30.9083206735777;4.99155360506237;2.1109498831419;151.460170269611;0
970;0;270;-0.211287422651369;31.4544973954928;6.38541023466892;2.08606399605644;151.013118109781;0
960;0;270;-0.21271312329371;31.989795047308;7.75739943214328;2.07371121035568;150.548312172297;0
950;0;270;-0.0496788118127207;32.5125059213846;9.11199061965391;2.04434984343129;150.093827030592;0
940;0;270;-0.213789535404582;33.0226820442142;10.4486195851152;2.02055269830278;149.634242555302;0
930;0;270;-0.214824229090991;33.5218553120597;11.7677793012617;2.00201312662663;149.170781749671;0
1200;0;280;0.000359361433316191;15.1243039729708;-34.9324110996956;2.30905593901786;154.815435879092;0
1190;0;280;0.00429221803984287;16.0726581831655;-32.2782501573493;2.33528912256435;156.616834410765;0
1180;0;280;-0.196378470627084;17.0390447837166;-29.7825739001236;2.36079668765674;157.558711988025;0
1170;0;280;0.00497830422216394;17.9932877583863;-27.4330075332334;2.3726595621944;157.980986006166;0
1160;0;280;-0.195148647548911;18.9214265042304;-25.2044902259695;2.38126015484414;158.10232145851;0
1150;0;280;-0.195745019372701;19.8217306295286;-23.0785789364957;2.38921936517568;158.028014976455;0
1140;0;280;-0.00081212772443795;20.694252091079;-21.040612539219;2.38591556506166;157.820365554858;0
1130;0;280;-0.197452462157769;21.538054653744;-19.0763218280112;2.38264145693966;157.535947143304;0
1120;0;280;-0.00592093991312306;22.3550793545474;-17.1741091262966;2.37257831669197;157.220497103497;0
1110;0;280;-0.0084010330016174;23.1476162031334;-15.3312442659889;2.35655087703926;156.854226977169;0
1100;0;280;-0.010889217640752;23.916520277962;-13.5392060804532;2.33852101065695;156.467813141528;0
1090;0;280;-0.0132835981820733;24.6619672239449;-11.7901304112306;2.31897252807724;156.090564717837;0
1080;0;280;-0.015622790008176;25.3873567073344;-10.0851807980637;2.29589121216204;155.688709432745;0
1070;0;280;-0.202591433450855;26.0930626214365;-8.41967762777857;2.28372306400347;155.2732285101;0
1060;0;280;-0.20382153166451;26.7802874124978;-6.78933820122519;2.27213431043497;154.858049926186;0
1050;0;280;-0.0238571619645955;27.4502375755621;-5.19223444138501;2.24954381423659;154.440312723077;0
1040;0;280;-0.205401117459412;28.1025827936076;-3.62578805414186;2.22942282275113;154.020175255537;0
1030;0;280;-0.0287767610913159;28.7399312321837;-2.08886878653052;2.20515576015311;153.595655079564;0
1020;0;280;-0.206833140182436;29.3614134218043;-0.579349399441484;2.1833003701181;153.165664477748;0
1010;0;280;-0.0335742167478453;29.9693237487344;0.903904493113191;2.15744347087242;152.73102315807;0
1000;0;280;-0.208174773344374;30.562507874649;2.36300329293194;2.13519132564659;152.292521080773;0
990;0;280;-0.209599715775132;31.1436032868515;3.79728053160207;2.12406942493198;151.83801640041;0
980;0;280;-0.0414254293028953;31.7108892031756;5.21202568114733;2.09674731082816;151.399507804391;0
970;0;280;-0.210703169972095;32.2652936242164;6.60539202106383;2.07206341433266;150.950646800985;0
960;0;280;-0.212129626669036;32.8090516452336;7.97707678833232;2.05998481041548;150.484323102538;0
950;0;280;-0.0490796386830944;33.3404885196453;9.33147653552627;2.03080926552258;150.028108702632;0
940;0;280;-0.213207653357602;33.8597617537671;10.6679449371233;2.00732199164179;149.565903446836;0
930;0;280;-0.21423582427856;34.3682441441306;11.9871644686096;1.98891053469241;149.100512323193;0
920;0;280;-0.0565853698744639;34.8667187709628;13.288925442992;1.96209044532214;148.625078546886;0
1200;0;290;-0.204212299093634;15.8467100897921;-34.677514820941;2.27369996599294;154.352599932132;0
1190;0;290;-0.199160565622499;16.7810554140502;-32.031988485993;2.31370561256489;156.289413248156;0
1180;0;290;-0.196539720217039;17.7405607771091;-29.5387150579633;2.34241962998805;157.333753127754;0
1170;0;290;-0.195565662857875;18.6917531662363;-27.1911858898515;2.36376076569326;157.819672580366;0
1160;0;290;-0.195505331280838;19.621061449926;-24.9677277550462;2.37620541888232;157.962797186513;0
1150;0;290;-0.196031738680948;20.5232471423575;-22.8463793742497;2.38380801129844;157.903502219642;0
1140;0;290;-0.196979953211662;21.3969526907471;-20.809618148594;2.39033695722517;157.727737451196;0
1130;0;290;-0.19813913169335;22.243721487997;-18.8473301026852;2.39293010975364;157.464596957297;0
1120;0;290;-0.00665715644764403;23.0650158584244;-16.9497724527014;2.38412396979499;157.145614036837;0
1110;0;290;-0.00908248251070845;23.8606437864262;-15.1071422924235;2.36893759010704;156.804731700429;0
1100;0;290;-0.0115633973917487;24.6327251715815;-13.3143691909382;2.35319132112942;156.447484138794;0
1090;0;290;-0.0140837712308891;25.3848125094623;-11.5720049618027;2.33359223344439;156.041612880252;0
1080;0;290;-0.0163779812180029;26.1155153981456;-9.86941840512474;2.30923707562234;155.640766324147;0
1070;0;290;-0.203297224762942;26.8274006836384;-8.20732550258927;2.29450270716954;155.21627154698;0
1060;0;290;-0.20445839102938;27.5204902377618;-6.5787495192666;2.28127428120452;154.802217435126;0
1050;0;290;-0.0244362801350068;28.1965198738986;-4.98307757887372;2.25772786997528;154.386214674242;0
1040;0;290;-0.205961060373138;28.8552900678536;-3.41798888989812;2.23679036805072;153.966595283118;0
1030;0;290;-0.0292908563529278;29.4993659959154;-1.88237076575861;2.21168070902158;153.541501517025;0
1020;0;290;-0.207325503668754;30.1278430417963;-0.373939846948838;2.18898024719254;153.111005042452;0
1010;0;290;-0.0340151537429054;30.7429859945081;1.10838773455769;2.16222886146442;152.675772353058;0
1000;0;290;-0.208582895571188;31.3436821648539;2.56672240668499;2.13900794170006;152.23655984228;0
990;0;290;-0.210266021404392;31.932364830604;4.00075023153517;2.13261383054598;151.783858043119;0
980;0;290;-0.0420365615560184;32.5076965956521;5.414936821782;2.10424247041046;151.343911922536;0
970;0;290;-0.211279897136839;33.0704574693795;6.80784341798879;2.07850851196627;150.893196107253;0
960;0;290;-0.212636258991689;33.6228330391831;8.17919580110466;2.06498352395844;150.424976467234;0
950;0;290;-0.0495286264467215;34.1631274450241;9.53342039700033;2.03483736563806;149.967075222268;0
940;0;290;-0.213641195625688;34.6916297965645;10.8697252814918;2.01072105818945;149.502203217964;0
930;0;290;-0.214619842337678;35.2095558038188;12.188994129793;1.99136278413412;149.034871752659;0
920;0;290;-0.0569626173432518;35.717823944465;13.4908100841264;1.9643947140088;148.556605817063;0
910;0;290;-0.0585584603797323;36.2150575720485;14.7773965910357;1.92766261903927;148.076519096671;0
1200;0;300;5.8269465129851E-05;16.5612192440925;-34.4485253182031;2.23981757256462;153.872158779425;0
1190;0;300;0.00459094381073899;17.4814953455509;-31.812234635777;2.26738364981605;155.943165761811;0
1180;0;300;0.00650173655450262;18.4342488278074;-29.3219526821393;2.28466280134838;157.083396994786;0
1170;0;300;-0.194060956453821;19.3825848532569;-26.9760260786231;2.30466379031927;157.633845471816;0
1160;0;300;0.00509507513730292;20.3115728094398;-24.7530377085345;2.31483761012568;157.831271944109;0
1150;0;300;-0.194039643812087;21.2145330505768;-22.6328891792859;2.32120418253381;157.80750314515;0
1140;0;300;-0.194850566401628;22.0909217952997;-20.5989800019632;2.32672683421429;157.647924206076;0
1130;0;300;-0.0015144559891862;22.9413265097092;-18.6393993949908;2.32116042426418;157.397796183031;0
1120;0;300;-0.00389883873898586;23.7665642230123;-16.7454998474667;2.30922562415803;157.079009858615;0
1110;0;300;-0.197443036109974;24.5665135459454;-14.906051603742;2.30326831726306;156.737985135424;0
1100;0;300;-0.198756581880952;25.3443121204836;-13.1179095626943;2.29947066884475;156.367574590929;0
1090;0;300;-0.012302304328115;26.1016911584577;-11.3772143544581;2.28601598141219;155.968811664437;0
1080;0;300;-0.0145944965695813;26.8373744950293;-9.67542702876931;2.26373872982698;155.578565221617;0
1070;0;300;-0.0172792913400766;27.5553995605943;-8.01517749160739;2.24746213808858;155.155873209205;0
1060;0;300;-0.202317194393565;28.2539399651695;-6.38761003471818;2.2305529438703;154.746297557464;0
1050;0;300;-0.0223138393151801;28.9360997575718;-4.79296229226845;2.20921995800512;154.333661878609;0
1040;0;300;-0.203893907876181;29.6014513727065;-3.22906510081074;2.19041488147461;153.914617342487;0
1030;0;300;-0.0272556295801964;30.2523339537017;-1.69448150076006;2.16737218348496;153.489855035009;0
1020;0;300;-0.205343824383898;30.8879118679107;-0.186932632954457;2.14661384405803;153.059500689151;0
1010;0;300;-0.0320619081394361;31.51036566064;1.29467453616279;2.12168900537396;152.624402979681;0
1000;0;300;-0.20667806127173;32.1186788862554;2.75239674309655;2.10017034886714;152.184969673279;0
990;0;300;-0.037383113473751;32.7162648442193;4.18449584940925;2.08358471632797;151.72253044798;0
980;0;300;-0.0392453351471722;33.2990672444238;5.59888444040074;2.05135555049794;151.285438234957;0
970;0;300;-0.208573855735815;33.8701369215136;6.99173939527915;2.02829767092054;150.835579087418;0
960;0;300;-0.209964101767489;34.4310377344086;8.36319566347225;2.01665977968795;150.368492832143;0
950;0;300;-0.0469267897128178;34.9802144973409;9.71743801145101;1.98898699100793;149.910125044375;0
940;0;300;-0.211186804707385;35.5179953651071;11.0537391870987;1.96814089727073;149.443700840163;0
930;0;300;-0.212242421679866;36.0454406791312;12.373141216491;1.95095846023068;148.975044751803;0
920;0;300;-0.0547693709626439;36.5634737323103;13.6752458546619;1.92788024708041;148.495747244368;0
910;0;300;-0.0564327490330901;37.0708308640897;14.9621470084794;1.89299706127837;148.014056233069;0
900;0;300;-0.058474471371262;37.5688026783316;16.2333724107696;1.86387919121219;147.521972717673;0
1200;0;310;0.00109536681778161;17.2673407442379;-34.2452320785326;2.17699489197366;153.368993797075;0
1190;0;310;-0.197730385180188;18.1709248882722;-31.6159632421154;2.21589288308862;155.603509137366;0
1180;0;310;0.00731117402175668;19.1184535939528;-29.1296156116438;2.24004188853836;156.825137993652;0
1170;0;310;-0.193057127732172;20.0643975460341;-26.7845440908184;2.25933881412545;157.442786254497;0
1160;0;310;0.00636906557953418;20.9928142136157;-24.561026675742;2.26836227185874;157.697615138131;0
1150;0;310;0.00488606890413376;21.8977314840856;-22.4421914659953;2.26786132690597;157.70580171507;0
1140;0;310;-0.193169322355518;22.7767018854872;-20.4104438574272;2.27473316711375;157.563227030979;0
1130;0;310;0.000221556995581185;23.6303225215645;-18.4522250357298;2.27105111481071;157.331857969947;0
1120;0;310;-0.00219225833904069;24.4592886699231;-16.559539939075;2.26242136031745;157.02897975529;0
1110;0;310;-0.195718302711761;25.2641674785332;-14.7231099666407;2.2566090528702;156.687448702128;0
1100;0;310;-0.197000058669247;26.0470463591841;-12.9373038409035;2.2533424318372;156.318942603927;0
1090;0;310;-0.198470854584758;26.808193836621;-11.1955134734962;2.25332145546922;155.943889435908;0
1080;0;310;-0.0135244854732891;27.5501251351739;-9.49622519272079;2.23750762366014;155.550608370037;0
1070;0;310;-0.0159440687661504;28.2728726604455;-7.83485630778121;2.2178459519964;155.149356379961;0
1060;0;310;-0.201042559055002;28.9782014687012;-6.21013889637693;2.20188698942041;154.730002508418;0
1050;0;310;-0.0210727137161318;29.6672137598214;-4.6177441996645;2.18169629259512;154.310495583264;0
1040;0;310;-0.202708787259731;30.3396282060898;-3.05573544287242;2.16404893418673;153.885858552722;0
1030;0;310;-0.026095390825167;30.9976886065798;-1.52263184099668;2.14210679309033;153.457275000627;0
1020;0;310;-0.204225103722761;31.6407253855252;-0.0163999549748774;2.12230523610041;153.023090334889;0
1010;0;310;-0.0309571179416096;32.2707916049191;1.46417813667336;2.09825974380918;152.585220033732;0
1000;0;310;-0.205604260396497;32.8869629615153;2.92108338282233;2.07757109653472;152.143527447689;0
990;0;310;-0.036326466158586;33.4925971921736;4.35256354167407;2.06192647215738;151.679351194236;0
980;0;310;-0.0382068855833954;34.0837212561637;5.76644336624091;2.03044708916183;151.240394763948;0
970;0;310;-0.207565644109136;34.6633603163645;7.15895909044012;2.00819548083015;150.789042007115;0
960;0;310;-0.208921910454499;35.232981848704;8.53035697627121;1.99647965996634;150.321789410544;0
950;0;310;-0.0458960291757015;35.7912488109522;9.88444058432899;1.96953681222243;149.861635948649;0
940;0;310;-0.210326917916934;36.3385577111997;11.2204832807621;1.95159011160881;149.391734201945;0
930;0;310;-0.211393198938876;36.8756677859749;12.5399374251589;1.93489081760409;148.921298906956;0
920;0;310;-0.054075534041106;37.4037016834728;13.8421110772512;1.91457075723207;148.43951007331;0
910;0;310;-0.0557384735497395;37.9212670246783;15.1293329730228;1.87997869377714;147.956589944513;0
900;0;310;-0.0576730280348504;38.4294323019516;16.4014422906881;1.84978248194404;147.466998547454;0
890;0;310;-0.213116755545919;38.92810481665;17.6591056645951;1.82830131069845;146.969455918712;0
1200;0;320;-0.20464300077726;17.9628551276328;-34.0649022297302;2.16683237773515;152.872555895656;0
1190;0;320;-0.198866737045401;18.8522245990572;-31.4449359769135;2.21356991859819;155.245446494555;0
1180;0;320;-0.195544428197803;19.7918364936254;-28.958823143519;2.24469659380731;156.581713533378;0
1170;0;320;0.00670533631179704;20.736029878223;-26.6133834505604;2.25917520232476;157.272419013096;0
1160;0;320;0.00604941995858332;21.665859533744;-24.3930860104071;2.26297648397605;157.548903917711;0
1150;0;320;0.00471667601155387;22.5720730366087;-22.2736236154542;2.26253674298534;157.599668817484;0
1140;0;320;-0.193183116177556;23.4545973624387;-20.2445726608369;2.26585272053881;157.467281523366;0
1130;0;320;0.000136080786255072;24.3120090139754;-18.2881187532749;2.26575201351176;157.248573197521;0
1120;0;320;-0.194944014696977;25.1445037166179;-16.3959428399897;2.26333693882478;156.963303331718;0
1110;0;320;-0.196124499166227;25.9543160613437;-14.5609121439346;2.26140235173333;156.631440553449;0
1100;0;320;-0.197341964109218;26.7422205568737;-12.7765329968423;2.25708061442065;156.269411866315;0
1090;0;320;-0.198668906434331;27.5094075592534;-11.0377387470092;2.25301823288447;155.887255858385;0
1080;0;320;-0.0136830100934135;28.2569250880407;-9.33948332223121;2.23708271961688;155.49945642483;0
1070;0;320;-0.0160431665510238;28.9860450210409;-7.68018433395404;2.2158182791895;155.094392482468;0
1060;0;320;-0.201114727611664;29.6974767328097;-6.05611288220536;2.19953723864927;154.680231095796;0
1050;0;320;-0.021108935496126;30.3929183282041;-4.46445635444598;2.179145384271;154.263938358674;0
1040;0;320;-0.202733813435523;31.0719884661563;-2.90296552630662;2.16142244177208;153.842888080103;0
1030;0;320;-0.0260926283892527;31.7370224878963;-1.37047127247102;2.13934086472637;153.416125587563;0
1020;0;320;-0.204215486093164;32.3874107134162;0.135038212839969;2.11930603067071;152.981822901021;0
1010;0;320;-0.0309204791124167;33.0250511362124;1.61500851214791;2.09499864173416;152.543746929527;0
1000;0;320;-0.205559410910846;33.6490696814663;3.07141395955993;2.074075333065;152.101686010747;0
990;0;320;-0.207309529561866;34.2617408484203;4.50397919832244;2.0703498106951;151.646725715536;0
980;0;320;-0.0390965453938434;34.8618525804391;5.91690296961449;2.04409510234577;151.203253534217;0
970;0;320;-0.208418557494281;35.4502148753774;7.30898498021114;2.02061712474034;150.749543268955;0
960;0;320;-0.209663923599092;36.0286859007208;8.68027425394373;2.00671020092129;150.281700777134;0
950;0;320;-0.0465815039944709;36.5961764867134;10.0341405449875;1.9786107229906;149.819374371014;0
940;0;320;-0.211140580141952;37.153182379358;11.3697881739924;1.96213951343548;149.345034440824;0
930;0;320;-0.212146331571975;37.7000552222784;12.6892739211742;1.94416039052705;148.87286184578;0
920;0;320;-0.213805846188885;38.2370091523338;13.9929744976215;1.93603428951254;148.398363850894;0
910;0;320;-0.0576672025450561;38.7654980556279;15.2799457994674;1.90659235777544;147.911422031763;0
900;0;320;-0.0593884280591453;39.2841446569414;16.5525784804726;1.87269677787126;147.422001572246;0
890;0;320;-0.214748016187085;39.7937897324808;17.8106148144545;1.84930826212277;146.922673153465;0
880;0;320;-0.215968671525094;40.2947546068407;19.0551379248687;1.83352498455325;146.420776759919;0
1200;0;330;-0.00197730597710022;18.6503342565764;-33.9083896506777;2.17380197424318;152.364677723175;0
1190;0;330;0.00361891853148336;19.5235961103591;-31.2968852542751;2.2035356240219;154.893988615616;0
1180;0;330;-0.195892017900463;20.4566191211895;-28.812560488517;2.23062985745086;156.327188283762;0
1170;0;330;0.00655077194986123;21.3995938490346;-26.4682633562171;2.24508274076072;157.073803560106;0
1160;0;330;0.00605308979223726;22.3292557745367;-24.2461152466477;2.25011746997126;157.410266967154;0
1150;0;330;0.00476240318853072;23.2386286278409;-22.1292707376351;2.24979147797133;157.474283884903;0
1140;0;330;-0.19306266342524;24.1234635774366;-20.0988215826479;2.25444721403901;157.379966313296;0
1130;0;330;0.000399152100400729;24.9852846974351;-18.1446983334579;2.25178986208391;157.166674515701;0
1120;0;330;-0.194602108748104;25.8221775787916;-16.2535766243371;2.24842642599388;156.893237866702;0
1110;0;330;-0.195734397250264;26.6365794100912;-14.4190612402873;2.24684121554534;156.574598022488;0
1100;0;330;-0.196915801950157;27.4295966521418;-12.6355764377928;2.24273973956534;156.220826372806;0
1090;0;330;-0.198175474692092;28.2024106000365;-10.8980954193603;2.23776286009979;155.842029651616;0
1080;0;330;-0.013189759812264;28.9556539156691;-9.20062760900491;2.22293324002794;155.459826405566;0
1070;0;330;-0.0155068664613498;29.691090614126;-7.54274661277017;2.201044028373;155.054292674368;0
1060;0;330;-0.200580476840662;30.4089216711802;-5.91953816538809;2.18516282136229;154.642435581549;0
1050;0;330;-0.0205648246823348;31.1110592417206;-4.32879980863071;2.16518767675106;154.22688854188;0
1040;0;330;-0.202197652145992;31.7970100615322;-2.76793262911455;2.14794359904033;153.807667517645;0
1030;0;330;-0.0255488741446304;32.4691997906247;-1.23608773174724;2.12627893065196;153.381577890622;0
1020;0;330;-0.203682028832784;33.1270705156736;0.268749392458723;2.10659166767425;152.946819386505;0
1010;0;330;-0.0303805037583824;33.7724057107593;1.74815616699442;2.08260710206731;152.508262175802;0
1000;0;330;-0.205031440770313;34.4043885793983;3.20409626859534;2.06204775139271;152.065606686942;0
990;0;330;-0.206494843485246;35.0254223343821;4.63594925301751;2.05324384508792;151.60760350721;0
980;0;330;-0.0382820131966222;35.633967236889;6.04860026913648;2.02750701993939;151.163491725464;0
970;0;330;-0.207625665436783;36.2309960385854;7.44058890228797;2.00470927500128;150.709768914904;0
960;0;330;-0.208806063257211;36.8182362068785;8.81211128554035;1.99022717279855;150.243795133875;0
950;0;330;-0.0457323618347733;37.3949426194474;10.1659455536196;1.96274711228344;149.780629298904;0
940;0;330;-0.0484497421445252;37.9611710249668;11.5025602982859;1.94488760560146;149.313961623523;0
930;0;330;-0.210744811988086;38.5176248644148;12.8220111212334;1.92062289162365;148.83852918641;0
920;0;330;-0.21219203981508;39.0654820757554;14.1245716302319;1.90923669678447;148.352831630638;0
910;0;330;-0.0561006659567464;39.6042352715075;15.4119789725174;1.88126976766429;147.866158431192;0
900;0;330;-0.0578580089696341;40.133054850856;16.6857246615299;1.84879469693236;147.381740155828;0
890;0;330;-0.213293826516407;40.6535484211225;17.9444163785873;1.82704409281027;146.883254717262;0
880;0;330;-0.214561646740961;41.1660830478332;19.1890824053276;1.81228400811523;146.37759376628;0
870;0;330;-0.21623119872379;41.6711229608973;20.4195561228508;1.8021598020175;145.857610847463;0
1200;0;340;-0.207664826353808;19.3297454588534;-33.7759931879136;2.15922988508582;151.832273977506;0
1190;0;340;-0.20087453979968;20.1856760890106;-31.173159090877;2.20306674601684;154.527714973644;0
1180;0;340;0.00527128242616873;21.1122764427897;-28.6895882729347;2.2260747480676;156.06978433983;0
1170;0;340;0.00624330262093009;22.0525052502561;-26.3431632339082;2.23712529992027;156.896613310158;0
1160;0;340;-0.193247178832136;22.9825138811592;-24.119556474477;2.24924384545304;157.283938034862;0
1150;0;340;0.00427272603680956;23.8944936699516;-22.0021230844927;2.25420391223614;157.382384560147;0
1140;0;340;0.00239784704678719;24.783183098383;-19.9722534882282;2.25512863822651;157.307958646169;0
1130;0;340;0.0003614296237123;25.6489273200934;-18.0189553207813;2.2475952983127;157.10754116774;0
1120;0;340;-0.194591935027752;26.4904792910147;-16.1286619454985;2.24379167307491;156.844780436253;0
1110;0;340;-0.195693874243877;27.3098926067509;-14.2949403000923;2.24235721902339;156.534870103095;0
1100;0;340;-0.196851408340396;28.1083816142863;-12.5125454455689;2.23821699699394;156.185804113369;0
1090;0;340;-0.198073022022436;28.887040119382;-10.7762859221981;2.23266760133068;155.809190316541;0
1080;0;340;-0.0130905004199112;29.6464057602617;-9.07999361136181;2.21835366860836;155.428115478394;0
1070;0;340;-0.015380187406486;30.3882320722894;-7.42319713058086;2.19603659705757;155.023161126392;0
1060;0;340;-0.200450619610447;31.1126670270975;-5.80087563195751;2.18011443721424;154.612205326492;0
1050;0;340;-0.020418896524468;31.8216718877518;-4.21103076112956;2.16010191645297;154.196527570523;0
1040;0;340;-0.202050202444439;32.5146963273497;-2.65084586022873;2.14284485737351;153.777780113457;0
1030;0;340;-0.0253847420425183;33.1941973521713;-1.11964692273572;2.12113021009634;153.351607404576;0
1020;0;340;-0.203515476756839;33.8596469126603;0.384615332599705;2.10137431173678;152.916459859;0
1010;0;340;-0.0301983566144112;34.5127690460942;1.86354439429473;2.07734226267904;152.477523098619;0
1000;0;340;-0.204852547733278;35.1528167256002;3.31906124418482;2.05682004999249;152.034150917785;0
990;0;340;-0.206235218074682;35.7823374546771;4.75020374232288;2.04646729584442;151.572649209513;0
980;0;340;-0.0380038682903323;36.3994061155553;6.16261112823585;2.02065163536553;151.127895786538;0
970;0;340;-0.207351554694515;37.0051772782541;7.55453974555621;1.99801638188893;150.674275081389;0
960;0;340;-0.208477103758252;37.6010330023703;8.92671966759442;1.98309423207287;150.213353128258;0
950;0;340;-0.0453965160838334;38.1870620250685;10.2804675417934;1.95571484906162;149.748988595678;0
940;0;340;-0.0475190076696632;38.7635645375777;11.6159114649916;1.92798323556309;149.272508561532;0
930;0;340;-0.20983378911927;39.3297632030449;12.9357058870048;1.90443058979723;148.798021645313;0
920;0;340;-0.211158393618261;39.8873990834345;14.2390299960463;1.89178477322081;148.316106902884;0
910;0;340;-0.0550966333042774;40.4365342050441;15.5267581542789;1.86476171668666;147.829198533046;0
900;0;340;-0.0568572005209382;40.9761191692383;16.8007907517158;1.83270387722449;147.343775099733;0
890;0;340;-0.212342822061346;41.507720082409;18.0598269032955;1.81194310064367;146.844196033735;0
880;0;340;-0.213635652492558;42.0317850229273;19.3047520595568;1.79779885711218;146.336274754775;0
870;0;340;-0.215200639317683;42.548535244761;20.5357709819655;1.78661121926471;145.815847475235;0
860;0;340;-0.0681640798567789;43.0577551060147;21.7541252531255;1.76206775966345;145.291161683018;0
1200;0;350;-0.0023598166157609;20.0024274142008;-33.6671266156193;2.10710221023868;151.276497504018;0
1190;0;350;-0.199882128653348;20.8386827292135;-31.0730389188281;2.14994032698985;154.15649954355;0
1180;0;350;0.00637260645350851;21.75802938406;-28.589711952734;2.176436236791;155.810891067553;0
1170;0;350;-0.193225855580083;22.6958849399124;-26.2410288242206;2.19642853039704;156.715322905103;0
